gamma,sigma_star,phi_star
2,0.21380068,0.016438048
2.5,0.18515738,0.021148494
3,0.16631227,0.025446671
3.5,0.1528364,0.02937906
4,0.14262609,0.033000216
4.5,0.13455961,0.03635763
5,0.12798235,0.039490693
5.5,0.12248667,0.042431025
6,0.11780329,0.045204962
6.5,0.11374922,0.047832866
7,0.11019354,0.050331982
7.5,0.10703955,0.052717313
8,0.10421732,0.054999336
8.5,0.10167032,0.057189277
9,0.099356899,0.059294544
9.5,0.097241344,0.061323942
10,0.095296879,0.06328325
