eta,sigma_star,phi_star
3,0.1886104,0.10240038
4.9285714,0.16636583,0.077403736
6.8571429,0.15345827,0.063827044
8.7857143,0.14465536,0.055025084
10.714286,0.13811529,0.048744081
12.642857,0.13298559,0.04398428
14.571429,0.12880953,0.040224062
16.5,0.12531931,0.037159853
18.428571,0.12234087,0.034603987
20.357143,0.11975668,0.032432633
22.285714,0.1174864,0.030559335
24.214286,0.11546904,0.028923417
26.142857,0.11365995,0.02747976
28.071429,0.11202494,0.026194341
30,0.11053869,0.025040433
