sigma_d_star,phi_star,alpha,beta,UI_ic,UM_ic,affine_mae_pct
0.12798235,0.039490693,0.071921409,-0.25339991,0.0012946553,0.049595056,0.083025404
