sigma_d_star,phi_star,alpha,beta,UI_ic,UM_ic,affine_mae_pct
0.18253004,0.054198162,0.14811389,-0.51452204,-0.033289505,0.078874321,0.19549109
