{
  "kappa_point": 0.45113015679104673,
  "kappa_se": 0.07823671011992472,
  "beta_bps": -4243.45743205342,
  "se_bps": 735.9165509557716,
  "r2_spread": 0.1498324050366473,
  "E_nu_shifted": 0.5315596586210406,
  "n_spread": 23814,
  "method": "HC3 delta method"
}