{
  "kappa_point": 0.4511,
  "kappa_boot_mean": 0.006214109219762464,
  "kappa_boot_se": 0.0035218563634631843,
  "n_reps": 100
}