{
  "specification": "unrestricted",
  "sensitivity_n": {
    "Bordeaux Grand Cru (red)": {
      "3": {
        "category": "Bordeaux Grand Cru (red)",
        "specification": "unrestricted",
        "n_bidders": 3,
        "n_free_params": 6,
        "n_moments": 4,
        "theta": {
          "alpha_c": 0.5681656195552055,
          "v_bar_k": 0.01,
          "alpha_k": 15.0,
          "gamma": 0.5257384159849373,
          "delta": 0.05211750545105768,
          "lam_bar": 0.99
        },
        "se": {
          "alpha_c": 2.1589279086620174,
          "v_bar_k": 0.25200526123886463,
          "alpha_k": 0.0819432710186227,
          "gamma": 0.013416756716621141,
          "delta": 0.11087247473641812,
          "lam_bar": 0.015741348809534667
        },
        "objective": 2940.817589194615,
        "weighted_rmse": 27.114652815381092,
        "unweighted_rmse": 0.18660832305212038,
        "moments_data": {
          "approach": 0.178666,
          "peak": 0.46738,
          "trough": 0.162963,
          "antique": 1.076496
        },
        "moments_model": {
          "approach": 0.25606908043969,
          "peak": 0.30492318755154557,
          "trough": 0.475932927675183,
          "antique": 0.981854378459457
        },
        "jacobian_rank": 4,
        "jacobian_cond": 1.59303552708092e+17,
        "converged_starts": 27,
        "total_starts": 31
      },
      "5": {
        "category": "Bordeaux Grand Cru (red)",
        "specification": "unrestricted",
        "n_bidders": 5,
        "n_free_params": 6,
        "n_moments": 4,
        "theta": {
          "alpha_c": 1.1426192008667593,
          "v_bar_k": 0.01,
          "alpha_k": 14.999997030646831,
          "gamma": 0.5123234126240548,
          "delta": 0.04074184097901057,
          "lam_bar": 0.99
        },
        "se": {
          "alpha_c": 3.1737972893336863,
          "v_bar_k": 0.5012410134481411,
          "alpha_k": 0.2420969245392116,
          "gamma": 0.014332132183920395,
          "delta": 0.06705191830012133,
          "lam_bar": 0.011825971357419949
        },
        "objective": 2985.867844153695,
        "weighted_rmse": 27.321547559360976,
        "unweighted_rmse": 0.19059406247690755,
        "moments_data": {
          "approach": 0.178666,
          "peak": 0.46738,
          "trough": 0.162963,
          "antique": 1.076496
        },
        "moments_model": {
          "approach": 0.2517205999155852,
          "peak": 0.3082892341008714,
          "trough": 0.48629027950321846,
          "antique": 0.9759126486357933
        },
        "jacobian_rank": 4,
        "jacobian_cond": 5.151757728978574e+17,
        "converged_starts": 27,
        "total_starts": 31
      },
      "10": {
        "category": "Bordeaux Grand Cru (red)",
        "specification": "unrestricted",
        "n_bidders": 10,
        "n_free_params": 6,
        "n_moments": 4,
        "theta": {
          "alpha_c": 0.23058541116051323,
          "v_bar_k": 28.433536934191338,
          "alpha_k": 1.5631940186722204e-13,
          "gamma": 16.12789659160995,
          "delta": 0.010000000000001563,
          "lam_bar": 0.9768592346947473
        },
        "se": {
          "alpha_c": 0.6270584521316981,
          "v_bar_k": 0.0050852095729944135,
          "alpha_k": 1.2938247617030134,
          "gamma": 5.412833518862539,
          "delta": 0.01638498738666927,
          "lam_bar": 0.030693201150605164
        },
        "objective": 3189.7296956034425,
        "weighted_rmse": 28.238846008660847,
        "unweighted_rmse": 0.21773290724799546,
        "moments_data": {
          "approach": 0.178666,
          "peak": 0.46738,
          "trough": 0.162963,
          "antique": 1.076496
        },
        "moments_model": {
          "approach": 0.22828346778605713,
          "peak": 0.37229242355687653,
          "trough": 0.5451808415793095,
          "antique": 0.8975086907577428
        },
        "jacobian_rank": 4,
        "jacobian_cond": 3.018969236530438e+16,
        "converged_starts": 26,
        "total_starts": 31
      }
    },
    "Burgundy Grand Cru": {
      "3": {
        "category": "Burgundy Grand Cru",
        "specification": "unrestricted",
        "n_bidders": 3,
        "n_free_params": 6,
        "n_moments": 4,
        "theta": {
          "alpha_c": 12.536198156040706,
          "v_bar_k": 24.62996344865877,
          "alpha_k": 13.499238966190198,
          "gamma": 10.20801699154051,
          "delta": 3.281274134661606,
          "lam_bar": 0.5163481022408928
        },
        "se": {
          "alpha_c": 0.6464298473408838,
          "v_bar_k": 2.082962211887049,
          "alpha_k": 3.2853680152146363,
          "gamma": 0.17610978153523824,
          "delta": 0.7720152414169021,
          "lam_bar": 0.04350345211418002
        },
        "objective": 9.479600044501009e-28,
        "weighted_rmse": 1.539447956614725e-14,
        "unweighted_rmse": 1.3877787807814457e-16,
        "moments_data": {
          "approach": 0.477187,
          "peak": 1.045543,
          "trough": 1.2708,
          "antique": 1.451316
        },
        "moments_model": {
          "approach": 0.4771869999999998,
          "peak": 1.045543,
          "trough": 1.2708,
          "antique": 1.4513159999999998
        },
        "jacobian_rank": 4,
        "jacobian_cond": 1.4468158843977872e+20,
        "converged_starts": 29,
        "total_starts": 31
      },
      "5": {
        "category": "Burgundy Grand Cru",
        "specification": "unrestricted",
        "n_bidders": 5,
        "n_free_params": 6,
        "n_moments": 4,
        "theta": {
          "alpha_c": 14.000979301983978,
          "v_bar_k": 20.503305414888448,
          "alpha_k": 11.343399660426648,
          "gamma": 23.011899463633092,
          "delta": 1.8020343451826957,
          "lam_bar": 0.6965878003935984
        },
        "se": {
          "alpha_c": 0.5916052594872541,
          "v_bar_k": 1.7815529416850044,
          "alpha_k": 2.6036149748786577,
          "gamma": 0.20329630332193355,
          "delta": 0.3949986455669738,
          "lam_bar": 0.030779057258753618
        },
        "objective": 9.479600044501009e-28,
        "weighted_rmse": 1.539447956614725e-14,
        "unweighted_rmse": 1.3877787807814457e-16,
        "moments_data": {
          "approach": 0.477187,
          "peak": 1.045543,
          "trough": 1.2708,
          "antique": 1.451316
        },
        "moments_model": {
          "approach": 0.4771869999999998,
          "peak": 1.045543,
          "trough": 1.2708,
          "antique": 1.4513160000000003
        },
        "jacobian_rank": 4,
        "jacobian_cond": 8.78696056679958e+20,
        "converged_starts": 25,
        "total_starts": 31
      },
      "10": {
        "category": "Burgundy Grand Cru",
        "specification": "unrestricted",
        "n_bidders": 10,
        "n_free_params": 6,
        "n_moments": 4,
        "theta": {
          "alpha_c": 10.8294757864089,
          "v_bar_k": 18.653087156358758,
          "alpha_k": 10.308115176812535,
          "gamma": 16.00442185345679,
          "delta": 0.8316369897624707,
          "lam_bar": 0.8437533968479524
        },
        "se": {
          "alpha_c": 0.5117551421713163,
          "v_bar_k": 1.5824851137651441,
          "alpha_k": 2.4094519636985896,
          "gamma": 0.13627479686216853,
          "delta": 0.18484361353993473,
          "lam_bar": 0.017602010803133526
        },
        "objective": 9.479600044501009e-28,
        "weighted_rmse": 1.539447956614725e-14,
        "unweighted_rmse": 1.3877787807814457e-16,
        "moments_data": {
          "approach": 0.477187,
          "peak": 1.045543,
          "trough": 1.2708,
          "antique": 1.451316
        },
        "moments_model": {
          "approach": 0.4771869999999998,
          "peak": 1.045543,
          "trough": 1.2708,
          "antique": 1.4513160000000003
        },
        "jacobian_rank": 4,