{
  "unrestricted": {
    "Bordeaux Grand Cru (red)": {
      "category": "Bordeaux Grand Cru (red)",
      "specification": "unrestricted",
      "n_bidders": 5,
      "n_free_params": 6,
      "n_moments": 7,
      "df_overid": 1,
      "theta": {
        "alpha_c": 0.3785010921111809,
        "v_bar_k": 5.420043498988559,
        "alpha_k": 14.95234699332422,
        "gamma": 0.10000000000002984,
        "delta": 0.018968446081837342,
        "lam_bar": 0.9899999999999999
      },
      "se_delta": {
        "alpha_c": 1.0035420616211759,
        "v_bar_k": 20.94366105129868,
        "alpha_k": 7.598650341319487,
        "gamma": 0.1982152407336446,
        "delta": 0.0289918351702649,
        "lam_bar": 0.012384835844374992
      },
      "objective": 6132.210587828151,
      "avg_sq_t_mismatch": 876.0300839754501,
      "j_stat": 6132.210587828151,
      "p_jtest": 0.0,
      "moments_data": {
        "pre1": 0.25219789529886893,
        "pre2": 0.2641831776522036,
        "peak1": 0.5149446923522334,
        "peak2": 0.7190272845735285,
        "trough": 0.2628866252254899,
        "antique1": 0.8194990076651046,
        "antique2": 1.7058803626992127
      },
      "moments_model": {
        "pre1": 0.30938110272847463,
        "pre2": 0.332573802145228,
        "peak1": 0.3946850475581234,
        "peak2": 0.5120941207623441,
        "trough": 0.6796000826744009,
        "antique1": 0.9868448153403481,
        "antique2": 1.4009589240557538
      },
      "jacobian_rank": 4,
      "jacobian_cond": 26768401212.359947,
      "se_reliable": false,
      "null_space": [
        [
          -1.0182602887073779e-09,
          [
            0.023791812827770015,
            0.34069413886025524,
            0.9398731049395114,
            1.3323660876300632e-08,
            7.179814268924788e-10,
            1.7929716254946151e-10
          ]
        ],
        [
          0.0020141411729848184,
          [
            -0.01207328601467423,
            -0.9399354792047436,
            0.34102237043199257,
            -0.008888665116929522,
            -0.0005034765781667372,
            -0.0001081927740661954
          ]
        ]
      ],
      "converged_starts": 44,
      "total_starts": 51,
      "N_eff": 28737.199277226002
    },
    "Burgundy Grand Cru": {
      "category": "Burgundy Grand Cru",
      "specification": "unrestricted",
      "n_bidders": 5,
      "n_free_params": 6,
      "n_moments": 7,
      "df_overid": 1,
      "theta": {
        "alpha_c": 16.78696168544458,
        "v_bar_k": 20.05051767397597,
        "alpha_k": 13.559065351755885,
        "gamma": 13.250983834035383,
        "delta": 10.064558909158606,
        "lam_bar": 0.6897477739627068
      },
      "se_delta": {
        "alpha_c": 0.5537776766908976,
        "v_bar_k": 1.2675947991931962,
        "alpha_k": 1.3538689843707428,
        "gamma": 1.5230670730095417,
        "delta": 10.443080857885734,
        "lam_bar": 0.01835067844714398
      },
      "objective": 41.44302063880193,
      "avg_sq_t_mismatch": 5.920431519828847,
      "j_stat": 41.44302063880193,
      "p_jtest": 1.213570618971067e-10,
      "moments_data": {
        "pre1": 0.363894415730259,
        "pre2": 0.7449957585486116,
        "peak1": 1.1466585660805135,
        "peak2": 1.2421160108367564,
        "trough": 1.390966514605788,
        "antique1": 1.574600833586341,
        "antique2": 1.5653031315143364
      },
      "moments_model": {
        "pre1": 0.3638944133805184,
        "pre2": 0.7449957689805942,
        "peak1": 1.1466584632829022,
        "peak2": 1.2822617124067026,
        "trough": 1.3777415373955542,
        "antique1": 1.506209168410738,
        "antique2": 1.6437191532176199
      },
      "jacobian_rank": 5,
      "jacobian_cond": 3.658007975243632e+16,
      "se_reliable": false,
      "null_space": [
        [
          8.140762548419917e-12,
          [
            -0.5698937688125127,
            -0.6806869118965504,
            -0.4603112210683206,
            1.9974384253137095e-09,
            6.4252659896351226e-09,
            -2.0413410396953447e-11
          ]
        ]
      ],
      "converged_starts": 42,
      "total_starts": 51,
      "N_eff": 9069.641309793064
    },
    "Burgundy Premier Cru": {
      "category": "Burgundy Premier Cru",
      "specification": "unrestricted",
      "n_bidders": 5,
      "n_free_params": 6,
      "n_moments": 7,
      "df_overid": 1,
      "theta": {
        "alpha_c": 13.581734663553002,
        "v_bar_k": 27.231318600017453,
        "alpha_k": 2.0428103653052273e-14,
        "gamma": 13.91481039691313,
        "delta": 29.99999999999678,
        "lam_bar": 0.8082027378855445
      },
      "se_delta": {
        "alpha_c": 1.288217932372737,
        "v_bar_k": 0.6425061076780634,
        "alpha_k": 1.3379535378535252,
        "gamma": 0.6991926444809838,
        "delta": 183.60289692000666,
        "lam_bar": 0.011656858312924302
      },
      "objective": 122.41828874703775,
      "avg_sq_t_mismatch": 17.488326963862537,
      "j_stat": 122.41828874703775,
      "p_jtest": 1.8695854802389561e-28,
      "moments_data": {
        "pre1": 0.32088149049566494,
        "pre2": 0.8611156913207731,
        "peak1": 1.4413431222197328,
        "peak2": 1.607513121515077,
        "trough": 1.2172476034197568,
        "antique1": 1.1150925614783862,
        "antique2": 1.563217281475724
      },
      "moments_model": {
        "pre1": 0.3207690503687841,
        "pre2": 0.8636642504817464,
        "peak1": 1.3731337047627092,
        "peak2": 1.4000759424096563,
        "trough": 1.4000759424096563,
        "antique1": 1.4000759424096563,
        "antique2": 1.4000759424096572
      },
      "jacobian_rank": 4,
      "jacobian_cond": 1.1453755012037238e+16,
      "se_reliable": false,
      "null_space": [
        [
          3.922754936803369e-11,
          [
            -0.44632151108750207,
            -0.8948726773907941,
            6.639986397131275e-11,
            -1.1489371181654507e-09,
            -1.2300915380378177e-08,
            -1.6656450675175658e-13
          ]
        ],
        [
          2.9662250064855594e-05,
          [
            -0.006054646104658952,
            0.0030197939538804393,
            -0.005964107425186039,
            -0.0018699746912880252,
            -0.999957574867822,
            5.645141313252448e-05
          ]
        ]
      ],
      "converged_starts": 46,
      "total_starts": 51,
      "N_eff": 1449.4240311369501
    }
  },
  "fix_lambda": {
    "Bordeaux Grand Cru (red)": {
      "category": "Bordeaux Grand Cru (red)",
      "specification": "fix_lambda",
      "n_bidders": 5,
      "n_free_params": 5,
      "n_moments": 7,
      "df_overid": 2,
      "theta": {
        "alpha_c": 16.864546393981527,
        "v_bar_k": 3.330590059903704,
        "alpha_k": 14.602813068138493,
        "gamma": 0.1482786750000198,
        "delta": 0.17549360205670972,
        "lam_bar": 0.61
      },
      "se_delta": {
        "alpha_c": 0.5778684673324076,
        "v_bar_k": 1.8900613788275664,
        "alpha_k": 1.0963488962948909,
        "gamma": 0.03694829161785111,
        "delta": 0.11056302143106189,
        "lam_bar": null
      },
      "objective": 7627.541219751916,
      "avg_sq_t_mismatch": 1089.6487456788452,
      "j_stat": 7627.541219751916,
      "p_jtest": 0.0,
      "moments_data": {
        "pre1": 0.25219789529886893,
        "pre2": 0.2641831776522036,
        "peak1": 0.5149446923522334,
        "peak2": 0.7190272845735285,
        "trough": 0.2628866252254899,
        "antique1": 0.8194990076651046,
        "antique2": 1.7058803626992127
      },
      "moments_model": {
        "pre1": 0.24658809462625175,
        "pre2": 0.29207513995410705,
        "peak1": 0.43626372807612235,
        "peak2": 0.5943605219443735,
        "trough": 0.7426906326121148,
        "antique1": 0.9462367791789923,
        "antique2": 1.1633090501379648
      },