{"fix_lambda":{"Bordeaux Grand Cru (red)":{"j_stat":7627.541219751884,"converged_starts":51,"total_starts":51,"objective":7627.541219751884,"moments_data":{"antique2":1.7058803626992127,"pre2":0.2641831776522036,"antique1":0.8194990076651046,"peak2":0.7190272845735285,"trough":0.2628866252254899,"peak1":0.5149446923522334,"pre1":0.25219789529886893},"N_eff":28737.199277226002,"theta":{"lam_bar":0.61,"alpha_k":14.88754335073915,"v_bar_k":3.395530970533836,"alpha_c":17.193376679138215,"gamma":0.14827866816587823,"delta":0.17549359058914724},"jacobian_cond":175908.51552848556,"null_space":[[-6.854305026545714e-16,[0.7476930992891017,0.1476625202760791,0.6474185735528244,2.831689026873659e-9,7.556562881797403e-9]]],"moments_model":{"antique2":1.1633090372732044,"pre2":0.2920751335800289,"antique1":0.9462367675573948,"peak2":0.5943605136695829,"trough":0.7426906228353825,"peak1":0.43626372109122213,"pre1":0.2465880890690486},"df_overid":2,"specification":"fix_lambda","se_delta":{"lam_bar":null,"alpha_k":1.1177259373200297,"v_bar_k":1.9269144565937355,"alpha_c":0.5891358904502226,"gamma":0.03694829300486294,"delta":0.11056301703328304},"se_reliable":true,"n_free_params":5,"category":"Bordeaux Grand Cru (red)","p_jtest":0.0,"n_moments":7,"jacobian_rank":4,"avg_sq_t_mismatch":1089.6487456788404,"n_bidders":5},"Burgundy Grand Cru":{"j_stat":521.3527761030638,"converged_starts":51,"total_starts":51,"objective":521.3527761030638,"moments_data":{"antique2":1.5653031315143364,"pre2":0.7449957585486116,"antique1":1.574600833586341,"peak2":1.2421160108367564,"trough":1.390966514605788,"peak1":1.1466585660805135,"pre1":0.363894415730259},"N_eff":9069.641309793064,"theta":{"lam_bar":0.485,"alpha_k":12.851344973648814,"v_bar_k":6.638961020376868,"alpha_c":5.179089112980314,"gamma":30.0,"delta":30.0},"jacobian_cond":3.9248054163323e6,"null_space":[[-3.3178371284562564e-15,[0.33709011089199076,0.43210843978160435,0.8364523617088557,-5.5512122144673783e-8,8.701922235963836e-8]]],"moments_model":{"antique2":1.730905163517312,"pre2":0.7410485300886682,"antique1":1.5495869556548074,"peak2":1.2344352140331942,"trough":1.3722000423340561,"peak1":1.0639533320142283,"pre1":0.45990608922090415},"df_overid":2,"specification":"fix_lambda","se_delta":{"lam_bar":null,"alpha_k":0.37711605460047226,"v_bar_k":0.18662457915996655,"alpha_c":1.1349557531684675,"gamma":20.458819598927647,"delta":174.58879846659391},"se_reliable":true,"n_free_params":5,"category":"Burgundy Grand Cru","p_jtest":6.16145252824849e-114,"n_moments":7,"jacobian_rank":4,"avg_sq_t_mismatch":74.47896801472339,"n_bidders":5},"Burgundy Premier Cru":{"j_stat":756.8826120589988,"converged_starts":50,"total_starts":51,"objective":756.8826120589988,"moments_data":{"antique2":1.563217281475724,"pre2":0.8611156913207731,"antique1":1.1150925614783862,"peak2":1.607513121515077,"trough":1.2172476034197568,"peak1":1.4413431222197328,"pre1":0.32088149049566494},"N_eff":1449.4240311369501,"theta":{"lam_bar":0.888,"alpha_k":0.0,"v_bar_k":27.72301124657086,"alpha_c":5.965615503170215,"gamma":16.246769282201193,"delta":0.1884864551463929},"jacobian_cond":2.9653317336388936e19,"null_space":[[9.372259146476068e-16,[0.21037090094838695,0.9776216466681595,4.878394643334642e-10,7.588628647393927e-10,-1.3108061722024764e-11]]],"moments_model":{"antique2":1.7970736949839918,"pre2":1.0000678515949848,"antique1":1.541236316011084,"peak2":1.0416846713926766,"trough":1.234862749234285,"peak1":1.0647713089429516,"pre1":0.3399518813055149},"df_overid":2,"specification":"fix_lambda","se_delta":{"lam_bar":null,"alpha_k":1.2871047959290585,"v_bar_k":0.03115902655796588,"alpha_c":0.14480015332296664,"gamma":0.7271036527313239,"delta":0.024354264387039446},"se_reliable":false,"n_free_params":5,"category":"Burgundy Premier Cru","p_jtest":4.416000024479497e-165,"n_moments":7,"jacobian_rank":4,"avg_sq_t_mismatch":108.12608743699982,"n_bidders":5}},"unrestricted":{"Bordeaux Grand Cru (red)":{"j_stat":6132.210587828101,"converged_starts":51,"total_starts":51,"objective":6132.210587828101,"moments_data":{"antique2":1.7058803626992127,"pre2":0.2641831776522036,"antique1":0.8194990076651046,"peak2":0.7190272845735285,"trough":0.2628866252254899,"peak1":0.5149446923522334,"pre1":0.25219789529886893},"N_eff":28737.199277226002,"theta":{"lam_bar":0.99,"alpha_k":12.93798369665931,"v_bar_k":4.689860789586135,"alpha_c":0.3275097222568556,"gamma":0.1,"delta":0.018968440752910327},"jacobian_cond":2.0048433535071777e10,"null_space":[[-7.513780093085465e-13,[0.02379179019099894,0.34069283293786157,0.9398735788946734,1.5250764139975575e-9,1.3410339806424672e-10,0.0]],[0.002690083259948677,[-0.012073162829172517,-0.939923448559217,0.34101652797179,-0.010272441102533987,-0.0005818571524034029,-0.00012503585028649942]]],"moments_model":{"antique2":1.400958890022471,"pre2":0.3325737980873906,"antique1":0.9868447993049345,"peak2":0.5120941235010529,"trough":0.6796000803733395,"peak1":0.3946850486763318,"pre1":0.3093810945316713},"df_overid":1,"specification":"unrestricted","se_delta":{"lam_bar":0.012384838658017839,"alpha_k":6.574967303413005,"v_bar_k":18.122153249398657,"alpha_c":0.8683461033477339,"gamma":0.19821527155520227,"delta":0.02899184215315255},"se_reliable":false,"n_free_params":6,"category":"Bordeaux Grand Cru (red)","p_jtest":0.0,"n_moments":7,"jacobian_rank":4,"avg_sq_t_mismatch":876.030083975443,"n_bidders":5},"Burgundy Grand Cru":{"j_stat":41.4430206388026,"converged_starts":51,"total_starts":51,"objective":41.4430206388026,"moments_data":{"antique2":1.5653031315143364,"pre2":0.7449957585486116,"antique1":1.574600833586341,"peak2":1.2421160108367564,"trough":1.390966514605788,"peak1":1.1466585660805135,"pre1":0.363894415730259},"N_eff":9069.641309793064,"theta":{"lam_bar":0.6897477660647797,"alpha_k":15.0,"v_bar_k":22.18130352275395,"alpha_c":18.57092728308489,"gamma":13.250984296182954,"delta":10.064561131163552},"jacobian_cond":1.4718499643412348e21,"null_space":[[2.023209289838034e-16,[0.5698937733804946,0.6806868930367183,0.4603112433019211,-2.4315774279924905e-11,2.253896026902294e-8,0.0]]],"moments_model":{"antique2":1.6437191586204154,"pre2":0.7449957686422826,"antique1":1.506209170242209,"peak2":1.2822617072787574,"trough":1.3777415354188705,"peak1":1.1466584599878464,"pre1":0.3638944142657463},"df_overid":1,"specification":"unrestricted","se_delta":{"lam_bar":0.018350679638508272,"alpha_k":1.497745770179647,"v_bar_k":1.402303435034809,"alpha_c":0.6126280087324848,"gamma":1.5230673012739424,"delta":10.4430864389534},"se_reliable":false,"n_free_params":6,"category":"Burgundy Grand Cru","p_jtest":1.2135706189706537e-10,"n_moments":7,"jacobian_rank":5,"avg_sq_t_mismatch":5.920431519828943,"n_bidders":5},"Burgundy Premier Cru":{"j_stat":122.41828874703663,"converged_starts":51,"total_starts":51,"objective":122.41828874703663,"moments_data":{"antique2":1.563217281475724,"pre2":0.8611156913207731,"antique1":1.1150925614783862,"peak2":1.607513121515077,"trough":1.2172476034197568,"peak1":1.4413431222197328,"pre1":0.32088149049566494},"N_eff":1449.4240311369501,"theta":{"lam_bar":0.8082027385498599,"alpha_k":4.695353945965356e-15,"v_bar_k":27.377208240661055,"alpha_c":13.654497649715493,"gamma":13.91481034103963,"delta":30.0},"jacobian_cond":1.6907209349968898e21,"null_space":[[2.6574616173454196e-16,[0.446321508915846,0.8948726784739169,6.568586444585795e-10,1.5293626268320473e-10,9.651672856709371e-9,0.0]],[2.9662225213053337e-5,[-0.006087083883479901,0.0030359694564471122,-0.005996059329494422,-0.001869974896398234,-0.9999571378708674,5.6451404458622185e-5]]],"moments_model":{"antique2":1.4000759478292497,"pre2":0.8636642512395236,"antique1":1.4000759478292462,"peak2":1.4000759478292462,"trough":1.4000759478292462,"peak1":1.3731337099088077,"pre1":0.3207690516496513},"df_overid":1,"specification":"unrestricted","se_delta":{"lam_bar":0.011656858374781831,"alpha_k":1.345121530902501,"v_bar_k":0.6459325137857084,"alpha_c":1.2951273267419925,