{
  "Bordeaux Grand Cru (red)": {
    "moments": [
      0.25219789529886893,
      0.2641831776522036,
      0.5149446923522334,
      0.7190272845735285,
      0.2628866252254899,
      0.8194990076651046,
      1.7058803626992127
    ],
    "vcov": [
      [
        3.0463296854246374e-05,
        1.943116305154749e-05,
        1.9431163051547976e-05,
        1.9431163051547952e-05,
        1.9431163051547108e-05,
        1.943116305154741e-05,
        1.943116305154752e-05
      ],
      [
        1.943116305154749e-05,
        4.042989471878844e-05,
        1.94311630515479e-05,
        1.9431163051547965e-05,
        1.943116305154767e-05,
        1.943116305154741e-05,
        1.9431163051547433e-05
      ],
      [
        1.9431163051547976e-05,
        1.94311630515479e-05,
        3.855489577217406e-05,
        1.9431163051548735e-05,
        1.9431163051548138e-05,
        1.943116305154771e-05,
        1.94311630515483e-05
      ],
      [
        1.9431163051547952e-05,
        1.9431163051547965e-05,
        1.9431163051548735e-05,
        8.554723162150712e-05,
        1.9431163051547745e-05,
        1.9431163051547586e-05,
        1.9431163051548152e-05
      ],
      [
        1.9431163051547105e-05,
        1.943116305154767e-05,
        1.9431163051548138e-05,
        1.9431163051547745e-05,
        7.480386576265527e-05,
        1.9431163051547284e-05,
        1.943116305154734e-05
      ],
      [
        1.943116305154741e-05,
        1.943116305154741e-05,
        1.9431163051547715e-05,
        1.9431163051547586e-05,
        1.9431163051547284e-05,
        0.00010113597120303904,
        1.9431163051547295e-05
      ],
      [
        1.943116305154752e-05,
        1.943116305154743e-05,
        1.94311630515483e-05,
        1.9431163051548152e-05,
        1.943116305154734e-05,
        1.9431163051547295e-05,
        0.00012948921485205454
      ]
    ],
    "bin_labels": [
      "pre1",
      "pre2",
      "peak1",
      "peak2",
      "trough",
      "antique1",
      "antique2"
    ],
    "bin_midpoints": [
      0.6,
      0.9,
      1.2,
      1.5,
      1.8,
      2.25,
      2.75
    ],
    "bin_n": {
      "young": 80786,
      "pre1": 136341,
      "pre2": 55149,
      "peak1": 79478,
      "peak2": 27427,
      "trough": 25037,
      "antique1": 19231,
      "antique2": 12964
    },
    "N": 436413,
    "N_eff": 28737.199277226002,
    "n_moments": 7
  },
  "Burgundy Grand Cru": {
    "moments": [
      0.363894415730259,
      0.7449957585486116,
      1.1466585660805135,
      1.2421160108367564,
      1.390966514605788,
      1.574600833586341,
      1.5653031315143364
    ],
    "vcov": [
      [
        4.4522876090126983e-05,
        2.4476802355462202e-05,
        2.447680235546154e-05,
        2.4476802355462148e-05,
        2.4476802355462124e-05,
        2.447680235546268e-05,
        2.4476802355462267e-05
      ],
      [
        2.4476802355462202e-05,
        9.441537529398118e-05,
        2.4476802355461735e-05,
        2.4476802355462667e-05,
        2.447680235546189e-05,
        2.447680235546282e-05,
        2.447680235546231e-05
      ],
      [
        2.447680235546154e-05,
        2.4476802355461735e-05,
        9.595483634294452e-05,
        2.4476802355462412e-05,
        2.4476802355462145e-05,
        2.447680235546264e-05,
        2.4476802355461684e-05
      ],
      [
        2.4476802355462148e-05,
        2.4476802355462667e-05,
        2.4476802355462412e-05,
        0.00033492891685828874,
        2.4476802355461965e-05,
        2.4476802355462616e-05,
        2.4476802355462534e-05
      ],
      [
        2.4476802355462128e-05,
        2.447680235546189e-05,
        2.447680235546214e-05,
        2.4476802355461962e-05,
        0.00031654161640473296,
        2.4476802355462497e-05,
        2.447680235546233e-05
      ],
      [
        2.4476802355462673e-05,
        2.447680235546282e-05,
        2.447680235546264e-05,
        2.4476802355462616e-05,
        2.4476802355462497e-05,
        0.00026216381538270254,
        2.44768023554629e-05
      ],
      [
        2.4476802355462267e-05,
        2.447680235546231e-05,
        2.447680235546168e-05,
        2.4476802355462534e-05,
        2.4476802355462334e-05,
        2.44768023554629e-05,
        0.00040942203373122793
      ]
    ],
    "bin_labels": [
      "pre1",
      "pre2",
      "peak1",
      "peak2",
      "trough",
      "antique1",
      "antique2"
    ],
    "bin_midpoints": [
      0.6,
      0.9,
      1.2,
      1.5,
      1.8,
      2.25,
      2.75
    ],
    "bin_n": {
      "young": 62350,
      "pre1": 83006,
      "pre2": 24276,
      "peak1": 26455,
      "peak2": 6596,
      "trough": 7489,
      "antique1": 7537,
      "antique2": 3803
    },
    "N": 221512,
    "N_eff": 9069.641309793064,
    "n_moments": 7
  },
  "Burgundy Premier Cru": {
    "moments": [
      0.32088149049566494,
      0.8611156913207731,
      1.4413431222197328,
      1.607513121515077,
      1.2172476034197568,
      1.1150925614783862,
      1.563217281475724
    ],
    "vcov": [
      [
        5.772625077586471e-05,
        2.18170048533043e-05,
        2.1817004853304656e-05,
        2.181700485330509e-05,
        2.1817004853304334e-05,
        2.181700485330441e-05,
        2.1817004853303907e-05
      ],
      [
        2.18170048533043e-05,
        0.00025375945521182624,
        2.181700485330448e-05,
        2.1817004853303697e-05,
        2.1817004853304205e-05,
        2.181700485330461e-05,
        2.1817004853304456e-05
      ],
      [
        2.1817004853304656e-05,
        2.1817004853304476e-05,
        0.0004163221138089195,
        2.1817004853304937e-05,
        2.1817004853304544e-05,
        2.1817004853304222e-05,
        2.181700485330374e-05
      ],
      [
        2.181700485330509e-05,
        2.1817004853303697e-05,
        2.1817004853304937e-05,
        0.0023083651327373885,
        2.1817004853306726e-05,
        2.181700485330232e-05,
        2.1817004853303243e-05
      ],
      [
        2.1817004853304334e-05,
        2.1817004853304202e-05,
        2.1817004853304544e-05,
        2.1817004853306726e-05,
        0.001999178104593878,
        2.1817004853304832e-05,
        2.181700485330376e-05
      ],
      [
        2.1817004853304405e-05,
        2.1817004853304605e-05,
        2.1817004853304222e-05,
        2.181700485330232e-05,
        2.1817004853304832e-05,
        0.0012837773363948497,
        2.18170048533029e-05
      ],
      [
        2.181700485330391e-05,
        2.1817004853304456e-05,
        2.181700485330374e-05,
        2.1817004853303246e-05,
        2.1817004853303765e-05,
        2.18170048533029e-05,
        0.0025525559132250223
      ]
    ],
    "bin_labels": [
      "pre1",
      "pre2",
      "peak1",
      "peak2",
      "trough",
      "antique1",
      "antique2"
    ],
    "bin_midpoints": [
      0.6,
      0.9,
      1.2,
      1.5,
      1.8,
      2.25,
      2.75
    ],
    "bin_n": {
      "young": 35553,
      "pre1": 33181,
      "pre2": 7763,
      "peak1": 6441,
      "peak2": 1372,
      "trough": 1350,
      "antique1": 983,
      "antique2": 493
    },
    "N": 87136,
    "N_eff": 1449.4240311369501,
    "n_moments": 7
  }
}